head_id,head_name,relation,tail_id,tail_name
a_cap_c_cup_b_cap_complement_c_empty_iff_b_subset_c_subset_complement_a,(A cap C) cup (B cap Complement C) = Empty iff B subset C subset Complement A,depends_on,definition_subset,Definition:Subset
a_cap_c_cup_b_cap_complement_c_empty_iff_b_subset_c_subset_complement_a,(A cap C) cup (B cap Complement C) = Empty iff B subset C subset Complement A,depends_on,definition_universal_set,Definition:Universal Set
a_cap_c_cup_b_cap_complement_c_empty_iff_b_subset_c_subset_complement_a,(A cap C) cup (B cap Complement C) = Empty iff B subset C subset Complement A,depends_on,definition_set_complement,Definition:Set Complement
a_cap_c_cup_b_cap_complement_c_empty_iff_b_subset_c_subset_complement_a,(A cap C) cup (B cap Complement C) = Empty iff B subset C subset Complement A,depends_on,union_is_empty_iff_sets_are_empty,Union is Empty iff Sets are Empty
a_cap_c_cup_b_cap_complement_c_empty_iff_b_subset_c_subset_complement_a,(A cap C) cup (B cap Complement C) = Empty iff B subset C subset Complement A,depends_on,empty_intersection_iff_subset_of_complement,Empty Intersection iff Subset of Complement
a_cap_c_cup_b_cap_complement_c_empty_iff_b_subset_c_subset_complement_a,(A cap C) cup (B cap Complement C) = Empty iff B subset C subset Complement A,depends_on,intersection_with_complement_is_empty_iff_subset,Intersection with Complement is Empty iff Subset
algebra_homomorphism_between_c_algebras_is_norm_decreasing,*-Algebra Homomorphism between C*-Algebras is Norm-Decreasing,depends_on,definition_c_algebra,Definition:C*-Algebra
algebra_homomorphism_between_c_algebras_is_norm_decreasing,*-Algebra Homomorphism between C*-Algebras is Norm-Decreasing,depends_on,definition_algebra_homomorphism,Definition:*-Algebra Homomorphism
algebra_homomorphism_between_c_algebras_is_norm_decreasing,*-Algebra Homomorphism between C*-Algebras is Norm-Decreasing,depends_on,spectral_radius_of_normal_element_of_c_algebra_equal_to_norm,Spectral Radius of Normal Element of C*-Algebra Equal to Norm
algebra_homomorphism_between_c_algebras_is_norm_decreasing,*-Algebra Homomorphism between C*-Algebras is Norm-Decreasing,depends_on,spectrum_of_image_of_element_of_unital_algebra_under_unital_algebra_homomorphism_corollary,Spectrum of Image of Element of Unital Algebra under Unital Algebra Homomorphism/Corollary
algebra_homomorphism_between_c_algebras_is_norm_decreasing,*-Algebra Homomorphism between C*-Algebras is Norm-Decreasing,depends_on,spectral_radius_of_normal_element_of_c_algebra_equal_to_norm,Spectral Radius of Normal Element of C*-Algebra Equal to Norm
algebra_homomorphism_preserves_canonical_preordering_of_c_algebra,*-Algebra Homomorphism preserves Canonical Preordering of C*-Algebra,depends_on,definition_c_algebra,Definition:C*-Algebra
algebra_homomorphism_preserves_canonical_preordering_of_c_algebra,*-Algebra Homomorphism preserves Canonical Preordering of C*-Algebra,depends_on,definition_algebra_homomorphism,Definition:*-Algebra Homomorphism
algebra_homomorphism_preserves_canonical_preordering_of_c_algebra,*-Algebra Homomorphism preserves Canonical Preordering of C*-Algebra,depends_on,definition_canonical_preordering_of_c_algebra,Definition:Canonical Preordering of C*-Algebra
algebra_homomorphism_preserves_canonical_preordering_of_c_algebra,*-Algebra Homomorphism preserves Canonical Preordering of C*-Algebra,depends_on,definition_algebra_homomorphism,Definition:Algebra Homomorphism
algebra_homomorphism_preserves_canonical_preordering_of_c_algebra,*-Algebra Homomorphism preserves Canonical Preordering of C*-Algebra,depends_on,definition_positive_element_of_c_algebra,Definition:Positive Element of C*-Algebra
algebra_homomorphism_preserves_canonical_preordering_of_c_algebra,*-Algebra Homomorphism preserves Canonical Preordering of C*-Algebra,depends_on,definition_positive_element_of_c_algebra,Definition:Positive Element of C*-Algebra
algebra_homomorphism_preserves_canonical_preordering_of_c_algebra,*-Algebra Homomorphism preserves Canonical Preordering of C*-Algebra,depends_on,definition_hermitian_element_of_algebra,Definition:Hermitian Element of *-Algebra
algebra_homomorphism_preserves_canonical_preordering_of_c_algebra,*-Algebra Homomorphism preserves Canonical Preordering of C*-Algebra,depends_on,definition_algebra_homomorphism,Definition:*-Algebra Homomorphism
algebra_homomorphism_preserves_canonical_preordering_of_c_algebra,*-Algebra Homomorphism preserves Canonical Preordering of C*-Algebra,depends_on,definition_hermitian_element_of_algebra,Definition:Hermitian Element of *-Algebra
algebra_homomorphism_preserves_canonical_preordering_of_c_algebra,*-Algebra Homomorphism preserves Canonical Preordering of C*-Algebra,depends_on,definition_positive_element_of_c_algebra,Definition:Positive Element of C*-Algebra
algebra_homomorphism_preserves_canonical_preordering_of_c_algebra,*-Algebra Homomorphism preserves Canonical Preordering of C*-Algebra,depends_on,spectrum_of_image_of_element_of_unital_algebra_under_unital_algebra_homomorphism_corollary,Spectrum of Image of Element of Unital Algebra under Unital Algebra Homomorphism/Corollary
algebra_homomorphism_preserves_canonical_preordering_of_c_algebra,*-Algebra Homomorphism preserves Canonical Preordering of C*-Algebra,depends_on,definition_positive_element_of_c_algebra,Definition:Positive Element of C*-Algebra
algebra_homomorphism_preserves_canonical_preordering_of_c_algebra,*-Algebra Homomorphism preserves Canonical Preordering of C*-Algebra,depends_on,definition_positive_element_of_c_algebra,Definition:Positive Element of C*-Algebra
algebra_obtains_banach_algebra_structure_through_algebra_isomorphism,*-Algebra obtains Banach *-Algebra Structure through *-Algebra Isomorphism,depends_on,definition_algebra,Definition:*-Algebra
algebra_obtains_banach_algebra_structure_through_algebra_isomorphism,*-Algebra obtains Banach *-Algebra Structure through *-Algebra Isomorphism,depends_on,definition_banach_algebra,Definition:Banach *-Algebra
algebra_obtains_banach_algebra_structure_through_algebra_isomorphism,*-Algebra obtains Banach *-Algebra Structure through *-Algebra Isomorphism,depends_on,definition_algebra_isomorphism,Definition:*-Algebra Isomorphism
algebra_obtains_banach_algebra_structure_through_algebra_isomorphism,*-Algebra obtains Banach *-Algebra Structure through *-Algebra Isomorphism,depends_on,definition_banach_algebra,Definition:Banach *-Algebra
algebra_obtains_banach_algebra_structure_through_algebra_isomorphism,*-Algebra obtains Banach *-Algebra Structure through *-Algebra Isomorphism,depends_on,definition_c_algebra,Definition:C*-Algebra
algebra_obtains_banach_algebra_structure_through_algebra_isomorphism,*-Algebra obtains Banach *-Algebra Structure through *-Algebra Isomorphism,depends_on,algebra_obtains_norm_structure_through_algebra_isomorphism,Algebra obtains Norm Structure through Algebra Isomorphism
algebra_obtains_banach_algebra_structure_through_algebra_isomorphism,*-Algebra obtains Banach *-Algebra Structure through *-Algebra Isomorphism,depends_on,definition_norm_on_algebra,Definition:Norm on Algebra
algebra_obtains_banach_algebra_structure_through_algebra_isomorphism,*-Algebra obtains Banach *-Algebra Structure through *-Algebra Isomorphism,depends_on,definition_isometric_isomorphism,Definition:Isometric Isomorphism
algebra_obtains_banach_algebra_structure_through_algebra_isomorphism,*-Algebra obtains Banach *-Algebra Structure through *-Algebra Isomorphism,depends_on,inverse_of_isometric_isomorphism_between_normed_vector_spaces_is_isometric_isomorphism,Inverse of Isometric Isomorphism between Normed Vector Spaces is Isometric Isomorphism
algebra_obtains_banach_algebra_structure_through_algebra_isomorphism,*-Algebra obtains Banach *-Algebra Structure through *-Algebra Isomorphism,depends_on,definition_isometric_isomorphism,Definition:Isometric Isomorphism
algebra_obtains_banach_algebra_structure_through_algebra_isomorphism,*-Algebra obtains Banach *-Algebra Structure through *-Algebra Isomorphism,depends_on,metric_space_completeness_is_preserved_by_isometry,Metric Space Completeness is Preserved by Isometry
algebra_obtains_banach_algebra_structure_through_algebra_isomorphism,*-Algebra obtains Banach *-Algebra Structure through *-Algebra Isomorphism,depends_on,definition_complete_metric_space,Definition:Complete Metric Space
algebra_obtains_banach_algebra_structure_through_algebra_isomorphism,*-Algebra obtains Banach *-Algebra Structure through *-Algebra Isomorphism,depends_on,definition_complete_metric_space,Definition:Complete Metric Space
algebra_obtains_banach_algebra_structure_through_algebra_isomorphism,*-Algebra obtains Banach *-Algebra Structure through *-Algebra Isomorphism,depends_on,definition_banach_algebra,Definition:Banach Algebra
algebra_obtains_banach_algebra_structure_through_algebra_isomorphism,*-Algebra obtains Banach *-Algebra Structure through *-Algebra Isomorphism,depends_on,definition_banach_algebra,Definition:Banach *-Algebra
algebra_obtains_banach_algebra_structure_through_algebra_isomorphism,*-Algebra obtains Banach *-Algebra Structure through *-Algebra Isomorphism,depends_on,definition_c_algebra,Definition:C*-Algebra
0_in_b_algebra_is_left_cancellable_element,0 in B-Algebra is Left Cancellable Element,depends_on,definition_b_algebra,Definition:B-Algebra
0_in_b_algebra_is_left_cancellable_element,0 in B-Algebra is Left Cancellable Element,depends_on,b_algebra_identity_xy_0_iff_x_y,B-Algebra Identity: xy = 0 iff x = y
0_999_1,0.999...=1,depends_on,0_999_1_proof_1,0.999...=1/Proof 1
0_999_1,0.999...=1,depends_on,0_999_1_proof_2,0.999...=1/Proof 2
0_999_1,0.999...=1,depends_on,0_999_1_proof_3,0.999...=1/Proof 3
0_999_1,0.999...=1,depends_on,0_999_1_proof_4,0.999...=1/Proof 4
0_999_1,0.999...=1,depends_on,0_999_1_proof_5,0.999...=1/Proof 5
0_999_1_proof_1,0.999...=1/Proof 1,depends_on,sum_of_infinite_geometric_sequence,Sum of Infinite Geometric Sequence
0_999_1_proof_5,0.999...=1/Proof 5,depends_on,sequence_of_powers_of_number_less_than_one,Sequence of Powers of Number less than One
1_can_be_expressed_as_sum_of_4_distinct_unit_fractions_in_6_ways,1 can be Expressed as Sum of 4 Distinct Unit Fractions in 6 Ways,depends_on,definition_sum_addition,Definition:Sum (Addition)
1_can_be_expressed_as_sum_of_4_distinct_unit_fractions_in_6_ways,1 can be Expressed as Sum of 4 Distinct Unit Fractions in 6 Ways,depends_on,definition_distinct,Definition:Distinct
1_can_be_expressed_as_sum_of_4_distinct_unit_fractions_in_6_ways,1 can be Expressed as Sum of 4 Distinct Unit Fractions in 6 Ways,depends_on,definition_unit_fraction,Definition:Unit Fraction
1_can_be_expressed_as_sum_of_4_distinct_unit_fractions_in_6_ways,1 can be Expressed as Sum of 4 Distinct Unit Fractions in 6 Ways,depends_on,1_can_be_expressed_as_sum_of_4_distinct_unit_fractions_in_6_ways_proof_1,1 can be Expressed as Sum of 4 Distinct Unit Fractions in 6 Ways/Proof 1
1_can_be_expressed_as_sum_of_4_distinct_unit_fractions_in_6_ways,1 can be Expressed as Sum of 4 Distinct Unit Fractions in 6 Ways,depends_on,1_can_be_expressed_as_sum_of_4_distinct_unit_fractions_in_6_ways_proof_2,1 can be Expressed as Sum of 4 Distinct Unit Fractions in 6 Ways/Proof 2
1_can_be_expressed_as_sum_of_4_distinct_unit_fractions_in_6_ways,1 can be Expressed as Sum of 4 Distinct Unit Fractions in 6 Ways,depends_on,2520_equals_sum_of_4_divisors_in_6_ways,2520 equals Sum of 4 Divisors in 6 Ways
1_can_be_expressed_as_sum_of_4_distinct_unit_fractions_in_6_ways_proof_2,1 can be Expressed as Sum of 4 Distinct Unit Fractions in 6 Ways/Proof 2,depends_on,sum_of_4_unit_fractions_that_equals_1,Sum of 4 Unit Fractions that equals 1
1_can_be_expressed_as_sum_of_4_distinct_unit_fractions_in_6_ways_proof_2,1 can be Expressed as Sum of 4 Distinct Unit Fractions in 6 Ways/Proof 2,depends_on,definition_unit_fraction,Definition:Unit Fraction
1_can_be_expressed_as_sum_of_4_distinct_unit_fractions_in_6_ways_proof_2,1 can be Expressed as Sum of 4 Distinct Unit Fractions in 6 Ways/Proof 2,depends_on,definition_denominator,Definition:Denominator
1_can_be_expressed_as_sum_of_4_distinct_unit_fractions_in_6_ways_proof_2,1 can be Expressed as Sum of 4 Distinct Unit Fractions in 6 Ways/Proof 2,depends_on,definition_summand,Definition:Summand
1_can_be_expressed_as_sum_of_4_distinct_unit_fractions_in_6_ways_proof_2,1 can be Expressed as Sum of 4 Distinct Unit Fractions in 6 Ways/Proof 2,depends_on,definition_distinct,Definition:Distinct
1_is_limit_point_of_sequence_in_sierpi_ski_space,1 is Limit Point of Sequence in Sierpiński Space,depends_on,definition_sierpi_ski_space,Definition:Sierpiński Space
1_is_limit_point_of_sequence_in_sierpi_ski_space,1 is Limit Point of Sequence in Sierpiński Space,depends_on,definition_sequence,Definition:Sequence
1_is_limit_point_of_sequence_in_sierpi_ski_space,1 is Limit Point of Sequence in Sierpiński Space,depends_on,definition_limit_of_sequence_topology,Definition:Limit of Sequence (Topology)
1_is_limit_point_of_sequence_in_sierpi_ski_space,1 is Limit Point of Sequence in Sierpiński Space,depends_on,definition_limit_of_sequence_topology,Definition:Limit of Sequence (Topology)
1_is_limit_point_of_sequence_in_sierpi_ski_space,1 is Limit Point of Sequence in Sierpiński Space,depends_on,definition_finite_set,Definition:Finite Set
1_is_limit_point_of_sequence_in_sierpi_ski_space,1 is Limit Point of Sequence in Sierpiński Space,depends_on,definition_open_set_topology,Definition:Open Set (Topology)
1_is_limit_point_of_sequence_in_sierpi_ski_space,1 is Limit Point of Sequence in Sierpiński Space,depends_on,definition_finite_set,Definition:Finite Set
1_is_limit_point_of_sequence_in_sierpi_ski_space,1 is Limit Point of Sequence in Sierpiński Space,depends_on,definition_limit_of_sequence_topology,Definition:Limit of Sequence (Topology)
1_plus_perfect_power_is_not_power_of_2,1 plus Perfect Power is not Power of 2,depends_on,definition_integer,Definition:Integer
1_plus_perfect_power_is_not_power_of_2,1 plus Perfect Power is not Power of 2,depends_on,catalan_s_conjecture,Catalan's Conjecture
1_plus_perfect_power_is_not_power_of_2,1 plus Perfect Power is not Power of 2,depends_on,definition_odd_integer,Definition:Odd Integer
1_plus_perfect_power_is_not_power_of_2,1 plus Perfect Power is not Power of 2,depends_on,square_modulo_4,Square Modulo 4
1_plus_perfect_power_is_not_power_of_2,1 plus Perfect Power is not Power of 2,depends_on,definition_odd_integer,Definition:Odd Integer
1_plus_perfect_power_is_not_power_of_2,1 plus Perfect Power is not Power of 2,depends_on,sum_of_two_odd_powers,Sum of Two Odd Powers
1_plus_perfect_power_is_not_power_of_2,1 plus Perfect Power is not Power of 2,depends_on,definition_odd_integer,Definition:Odd Integer
1_plus_perfect_power_is_not_power_of_2,1 plus Perfect Power is not Power of 2,depends_on,definition_odd_integer,Definition:Odd Integer
1_plus_perfect_power_is_not_power_of_2,1 plus Perfect Power is not Power of 2,depends_on,definition_divisor_of_integer,Definition:Divisor of Integer
1_plus_perfect_power_is_not_power_of_2,1 plus Perfect Power is not Power of 2,depends_on,definition_contradiction,Definition:Contradiction
1_plus_perfect_power_is_not_power_of_2,1 plus Perfect Power is not Power of 2,depends_on,proof_by_contradiction,Proof by Contradiction
1_plus_perfect_power_is_not_prime_power_except_for_9,1 plus Perfect Power is not Prime Power except for 9,depends_on,definition_positive_integer,Definition:Positive Integer
1_plus_perfect_power_is_not_prime_power_except_for_9,1 plus Perfect Power is not Prime Power except for 9,depends_on,definition_prime_number,Definition:Prime Number
1_plus_perfect_power_is_not_prime_power_except_for_9,1 plus Perfect Power is not Prime Power except for 9,depends_on,catalan_s_conjecture,Catalan's Conjecture
1_plus_perfect_power_is_not_prime_power_except_for_9,1 plus Perfect Power is not Prime Power except for 9,depends_on,definition_prime_number,Definition:Prime Number
1_plus_perfect_power_is_not_prime_power_except_for_9,1 plus Perfect Power is not Prime Power except for 9,depends_on,1_plus_square_is_not_perfect_power,1 plus Square is not Perfect Power
1_plus_perfect_power_is_not_prime_power_except_for_9,1 plus Perfect Power is not Prime Power except for 9,depends_on,definition_odd_integer,Definition:Odd Integer
1_plus_perfect_power_is_not_prime_power_except_for_9,1 plus Perfect Power is not Prime Power except for 9,depends_on,definition_prime_number,Definition:Prime Number
1_plus_perfect_power_is_not_prime_power_except_for_9,1 plus Perfect Power is not Prime Power except for 9,depends_on,definition_odd_integer,Definition:Odd Integer
1_plus_perfect_power_is_not_prime_power_except_for_9,1 plus Perfect Power is not Prime Power except for 9,depends_on,difference_of_two_powers,Difference of Two Powers
1_plus_perfect_power_is_not_prime_power_except_for_9,1 plus Perfect Power is not Prime Power except for 9,depends_on,division_theorem_for_polynomial_forms_over_field,Division Theorem for Polynomial Forms over Field
1_plus_perfect_power_is_not_prime_power_except_for_9,1 plus Perfect Power is not Prime Power except for 9,depends_on,definition_odd_integer,Definition:Odd Integer
1_plus_perfect_power_is_not_prime_power_except_for_9,1 plus Perfect Power is not Prime Power except for 9,depends_on,definition_prime_number,Definition:Prime Number
1_plus_perfect_power_is_not_prime_power_except_for_9,1 plus Perfect Power is not Prime Power except for 9,depends_on,definition_prime_number,Definition:Prime Number
1_plus_perfect_power_is_not_prime_power_except_for_9,1 plus Perfect Power is not Prime Power except for 9,depends_on,binomial_theorem,Binomial Theorem
1_plus_perfect_power_is_not_prime_power_except_for_9,1 plus Perfect Power is not Prime Power except for 9,depends_on,binomial_coefficient_with_one,Binomial Coefficient with One
1_plus_perfect_power_is_not_prime_power_except_for_9,1 plus Perfect Power is not Prime Power except for 9,depends_on,absolute_value_of_integer_is_not_less_than_divisors,Absolute Value of Integer is not less than Divisors
1_plus_perfect_power_is_not_prime_power_except_for_9,1 plus Perfect Power is not Prime Power except for 9,depends_on,real_sequence_1_x_over_n_n_is_convergent,Real Sequence (1 + x over n)^n is Convergent
1_plus_perfect_power_is_not_prime_power_except_for_9,1 plus Perfect Power is not Prime Power except for 9,depends_on,definition_increasing_real_function,Definition:Increasing Real Function
1_plus_perfect_power_is_not_prime_power_except_for_9,1 plus Perfect Power is not Prime Power except for 9,depends_on,definition_limit_of_real_sequence,Definition:Limit of Real Sequence
1_plus_perfect_power_is_not_prime_power_except_for_9,1 plus Perfect Power is not Prime Power except for 9,depends_on,cube_which_is_one_less_than_a_square,Cube which is One Less than a Square
1_plus_power_of_2_is_not_perfect_power_except_9,1 plus Power of 2 is not Perfect Power except 9,depends_on,definition_positive_integer,Definition:Positive Integer
1_plus_power_of_2_is_not_perfect_power_except_9,1 plus Power of 2 is not Perfect Power except 9,depends_on,definition_prime_number,Definition:Prime Number
1_plus_power_of_2_is_not_perfect_power_except_9,1 plus Power of 2 is not Perfect Power except 9,depends_on,definition_perfect_power,Definition:Perfect Power
1_plus_power_of_2_is_not_perfect_power_except_9,1 plus Power of 2 is not Perfect Power except 9,depends_on,definition_odd_integer,Definition:Odd Integer
1_plus_power_of_2_is_not_perfect_power_except_9,1 plus Power of 2 is not Perfect Power except 9,depends_on,definition_odd_integer,Definition:Odd Integer
1_plus_power_of_2_is_not_perfect_power_except_9,1 plus Power of 2 is not Perfect Power except 9,depends_on,binomial_theorem,Binomial Theorem
1_plus_power_of_2_is_not_perfect_power_except_9,1 plus Power of 2 is not Perfect Power except 9,depends_on,binomial_coefficient_with_zero,Binomial Coefficient with Zero
1_plus_power_of_2_is_not_perfect_power_except_9,1 plus Power of 2 is not Perfect Power except 9,depends_on,definition_divisor_of_integer,Definition:Divisor of Integer
1_plus_power_of_2_is_not_perfect_power_except_9,1 plus Power of 2 is not Perfect Power except 9,depends_on,definition_integer_power,Definition:Integer Power
1_plus_power_of_2_is_not_perfect_power_except_9,1 plus Power of 2 is not Perfect Power except 9,depends_on,definition_integer_power,Definition:Integer Power
1_plus_power_of_2_is_not_perfect_power_except_9,1 plus Power of 2 is not Perfect Power except 9,depends_on,definition_non_negative_integer,Definition:Non-Negative Integer
1_plus_power_of_2_is_not_perfect_power_except_9,1 plus Power of 2 is not Perfect Power except 9,depends_on,definition_even_integer,Definition:Even Integer
1_plus_power_of_2_is_not_perfect_power_except_9,1 plus Power of 2 is not Perfect Power except 9,depends_on,definition_even_integer,Definition:Even Integer
1_plus_power_of_2_is_not_perfect_power_except_9,1 plus Power of 2 is not Perfect Power except 9,depends_on,definition_prime_number,Definition:Prime Number
1_plus_power_of_2_is_not_perfect_power_except_9,1 plus Power of 2 is not Perfect Power except 9,depends_on,definition_integer_power,Definition:Integer Power
1_plus_power_of_2_is_not_perfect_power_except_9,1 plus Power of 2 is not Perfect Power except 9,depends_on,catalan_s_conjecture,Catalan's Conjecture
1_plus_square_is_not_perfect_power,1 plus Square is not Perfect Power,depends_on,definition_integer,Definition:Integer
1_plus_square_is_not_perfect_power,1 plus Square is not Perfect Power,depends_on,definition_even_integer,Definition:Even Integer
1_plus_square_is_not_perfect_power,1 plus Square is not Perfect Power,depends_on,difference_of_two_squares,Difference of Two Squares
1_plus_square_is_not_perfect_power,1 plus Square is not Perfect Power,depends_on,definition_integer,Definition:Integer
1_plus_square_is_not_perfect_power,1 plus Square is not Perfect Power,depends_on,definition_odd_integer,Definition:Odd Integer
1_plus_square_is_not_perfect_power,1 plus Square is not Perfect Power,depends_on,definition_odd_integer,Definition:Odd Integer
1_plus_square_is_not_perfect_power,1 plus Square is not Perfect Power,depends_on,definition_even_integer,Definition:Even Integer
1_plus_square_is_not_perfect_power,1 plus Square is not Perfect Power,depends_on,definition_even_integer,Definition:Even Integer
1_plus_square_is_not_perfect_power,1 plus Square is not Perfect Power,depends_on,odd_square_modulo_8,Odd Square Modulo 8
1_plus_square_is_not_perfect_power,1 plus Square is not Perfect Power,depends_on,definition_contradiction,Definition:Contradiction
1_plus_square_is_not_perfect_power,1 plus Square is not Perfect Power,depends_on,definition_even_integer,Definition:Even Integer
1_plus_square_is_not_perfect_power,1 plus Square is not Perfect Power,depends_on,definition_odd_integer,Definition:Odd Integer
1_plus_square_is_not_perfect_power,1 plus Square is not Perfect Power,depends_on,gaussian_integers_form_euclidean_domain,Gaussian Integers form Euclidean Domain
1_plus_square_is_not_perfect_power,1 plus Square is not Perfect Power,depends_on,definition_greatest_common_divisor_of_ring_elements,Definition:Greatest Common Divisor of Ring Elements
1_plus_square_is_not_perfect_power,1 plus Square is not Perfect Power,depends_on,definition_unique_factorization_domain,Definition:Unique Factorization Domain
1_plus_square_is_not_perfect_power,1 plus Square is not Perfect Power,depends_on,definition_greatest_common_divisor_of_ring_elements,Definition:Greatest Common Divisor of Ring Elements
1_plus_square_is_not_perfect_power,1 plus Square is not Perfect Power,depends_on,definition_divisor_of_ring_element,Definition:Divisor of Ring Element
1_plus_square_is_not_perfect_power,1 plus Square is not Perfect Power,depends_on,definition_odd_integer,Definition:Odd Integer
1_plus_square_is_not_perfect_power,1 plus Square is not Perfect Power,depends_on,definition_coprime_euclidean_domain,Definition:Coprime/Euclidean Domain
1_plus_square_is_not_perfect_power,1 plus Square is not Perfect Power,depends_on,definition_unit_of_ring,Definition:Unit of Ring
1_plus_square_is_not_perfect_power,1 plus Square is not Perfect Power,depends_on,units_of_gaussian_integers,Units of Gaussian Integers
1_plus_square_is_not_perfect_power,1 plus Square is not Perfect Power,depends_on,definition_unit_of_ring,Definition:Unit of Ring
1_plus_square_is_not_perfect_power,1 plus Square is not Perfect Power,depends_on,definition_odd_integer,Definition:Odd Integer
1_plus_square_is_not_perfect_power,1 plus Square is not Perfect Power,depends_on,definition_unit_of_ring,Definition:Unit of Ring
1_plus_square_is_not_perfect_power,1 plus Square is not Perfect Power,depends_on,sum_of_two_odd_powers,Sum of Two Odd Powers
1_plus_square_is_not_perfect_power,1 plus Square is not Perfect Power,depends_on,product_of_complex_number_with_conjugate,Product of Complex Number with Conjugate
1_plus_square_is_not_perfect_power,1 plus Square is not Perfect Power,depends_on,definition_odd_integer,Definition:Odd Integer
1_plus_square_is_not_perfect_power,1 plus Square is not Perfect Power,depends_on,definition_even_integer,Definition:Even Integer
1_plus_square_is_not_perfect_power,1 plus Square is not Perfect Power,depends_on,binomial_theorem,Binomial Theorem
1_plus_square_is_not_perfect_power,1 plus Square is not Perfect Power,depends_on,definition_odd_integer,Definition:Odd Integer
1_plus_square_is_not_perfect_power,1 plus Square is not Perfect Power,depends_on,binomial_theorem,Binomial Theorem
1_plus_square_is_not_perfect_power,1 plus Square is not Perfect Power,depends_on,factors_of_binomial_coefficient,Factors of Binomial Coefficient
1_plus_square_is_not_perfect_power,1 plus Square is not Perfect Power,depends_on,binomial_coefficient_with_two,Binomial Coefficient with Two
1_plus_square_is_not_perfect_power,1 plus Square is not Perfect Power,depends_on,definition_integer,Definition:Integer
1_plus_square_is_not_perfect_power,1 plus Square is not Perfect Power,depends_on,definition_canonical_form_of_rational_number,Definition:Canonical Form of Rational Number
1_plus_square_is_not_perfect_power,1 plus Square is not Perfect Power,depends_on,definition_numerator,Definition:Numerator
1_plus_square_is_not_perfect_power,1 plus Square is not Perfect Power,depends_on,definition_even_integer,Definition:Even Integer
1_plus_square_is_not_perfect_power,1 plus Square is not Perfect Power,depends_on,definition_even_integer,Definition:Even Integer
1_plus_square_is_not_perfect_power,1 plus Square is not Perfect Power,depends_on,definition_numerator,Definition:Numerator
1_plus_square_is_not_perfect_power,1 plus Square is not Perfect Power,depends_on,definition_odd_integer,Definition:Odd Integer
1_plus_square_is_not_perfect_power,1 plus Square is not Perfect Power,depends_on,definition_denominator,Definition:Denominator
1_plus_square_is_not_perfect_power,1 plus Square is not Perfect Power,depends_on,definition_odd_integer,Definition:Odd Integer
1_plus_square_is_not_perfect_power,1 plus Square is not Perfect Power,depends_on,definition_integer,Definition:Integer
1_plus_square_is_not_perfect_power,1 plus Square is not Perfect Power,depends_on,definition_even_integer,Definition:Even Integer
1_plus_square_is_not_perfect_power,1 plus Square is not Perfect Power,depends_on,n_less_than_m_to_the_n,N less than M to the N
1_plus_square_is_not_perfect_power,1 plus Square is not Perfect Power,depends_on,definition_integer_power,Definition:Integer Power
1_plus_square_is_not_perfect_power,1 plus Square is not Perfect Power,depends_on,definition_divisor_of_integer,Definition:Divisor of Integer
1_plus_square_is_not_perfect_power,1 plus Square is not Perfect Power,depends_on,definition_numerator,Definition:Numerator
1_plus_square_is_not_perfect_power,1 plus Square is not Perfect Power,depends_on,definition_even_integer,Definition:Even Integer
1_plus_square_is_not_perfect_power,1 plus Square is not Perfect Power,depends_on,definition_integer,Definition:Integer
1_plus_square_is_not_perfect_power,1 plus Square is not Perfect Power,depends_on,1_plus_square_is_not_perfect_power_historical_note,1 plus Square is not Perfect Power/Historical Note
1_1_2,1+1 = 2,depends_on,non_successor_element_of_peano_structure_is_unique,Non-Successor Element of Peano Structure is Unique
1_1_2,1+1 = 2,depends_on,definition_element,Definition:Element
1_1_2,1+1 = 2,depends_on,definition_set,Definition:Set
1_1_2,1+1 = 2,depends_on,definition_peano_structure,Definition:Peano Structure
1_1_2,1+1 = 2,depends_on,definition_image_of_mapping,Definition:Image of Mapping
1_1_2,1+1 = 2,depends_on,definition_peano_structure,Definition:Peano Structure
1_1_2,1+1 = 2,depends_on,definition_set_difference,Definition:Set Difference
1_1_2,1+1 = 2,depends_on,definition_addition_in_peano_structure,Definition:Addition in Peano Structure
1_1_2,1+1 = 2,depends_on,definition_equals,Definition:Equals
1_1_2,1+1 = 2,depends_on,definition_successor_mapping,Definition:Successor Mapping
1_1_2,1+1 = 2,depends_on,1_1_2_proof_1,1+1 = 2/Proof 1
1_1_2,1+1 = 2,depends_on,1_1_2_proof_2,1+1 = 2/Proof 2
1_1_2_proof_1,1+1 = 2/Proof 1,depends_on,definition_successor_mapping,Definition:Successor Mapping
1_1_2_proof_2,1+1 = 2/Proof 2,depends_on,definition_addition_in_peano_structure,Definition:Addition in Peano Structure
1_1_2_proof_2,1+1 = 2/Proof 2,depends_on,definition_addition_in_peano_structure,Definition:Addition in Peano Structure
1_1_2_proof_2,1+1 = 2/Proof 2,depends_on,definition_successor_mapping_on_natural_numbers,Definition:Successor Mapping on Natural Numbers
1_1_2_proof_2,1+1 = 2/Proof 2,depends_on,equality_is_transitive,Equality is Transitive
1_2_n_n_1_1_n_2,1+2+...+n+(n-1)+...+1 = n^2,depends_on,1_2_n_n_1_1_n_2_proof_1,1+2+...+n+(n-1)+...+1 = n^2/Proof 1
1_2_n_n_1_1_n_2,1+2+...+n+(n-1)+...+1 = n^2,depends_on,1_2_n_n_1_1_n_2_proof_2,1+2+...+n+(n-1)+...+1 = n^2/Proof 2
1_2_n_n_1_1_n_2,1+2+...+n+(n-1)+...+1 = n^2,depends_on,1_2_n_n_1_1_n_2_proof_3,1+2+...+n+(n-1)+...+1 = n^2/Proof 3
1_2_n_n_1_1_n_2,1+2+...+n+(n-1)+...+1 = n^2,depends_on,1_2_n_n_1_1_n_2_proof_4,1+2+...+n+(n-1)+...+1 = n^2/Proof 4
1_2_n_n_1_1_n_2,1+2+...+n+(n-1)+...+1 = n^2,depends_on,1_2_n_n_1_1_n_2_illustration,1+2+...+n+(n-1)+...+1 = n^2/Illustration
1_2_n_n_1_1_n_2_proof_1,1+2+...+n+(n-1)+...+1 = n^2/Proof 1,depends_on,closed_form_for_triangular_numbers,Closed Form for Triangular Numbers
1_2_n_n_1_1_n_2_proof_2,1+2+...+n+(n-1)+...+1 = n^2/Proof 2,depends_on,closed_form_for_triangular_numbers,Closed Form for Triangular Numbers
1_2_n_n_1_1_n_2_proof_3,1+2+...+n+(n-1)+...+1 = n^2/Proof 3,depends_on,principle_of_mathematical_induction,Principle of Mathematical Induction
1_2_n_n_1_1_n_2_proof_3,1+2+...+n+(n-1)+...+1 = n^2/Proof 3,depends_on,definition_basis_for_the_induction,Definition:Basis for the Induction
1_2_n_n_1_1_n_2_proof_3,1+2+...+n+(n-1)+...+1 = n^2/Proof 3,depends_on,definition_induction_hypothesis,Definition:Induction Hypothesis
1_2_n_n_1_1_n_2_proof_3,1+2+...+n+(n-1)+...+1 = n^2/Proof 3,depends_on,definition_induction_step,Definition:Induction Step
1_2_n_n_1_1_n_2_proof_3,1+2+...+n+(n-1)+...+1 = n^2/Proof 3,depends_on,principle_of_mathematical_induction,Principle of Mathematical Induction
1_2_n_n_1_1_n_2_proof_4,1+2+...+n+(n-1)+...+1 = n^2/Proof 4,depends_on,integer_addition_is_associative,Integer Addition is Associative
1_2_n_n_1_1_n_2_proof_4,1+2+...+n+(n-1)+...+1 = n^2/Proof 4,depends_on,integer_addition_is_commutative,Integer Addition is Commutative
1_2_n_n_1_1_n_2_proof_4,1+2+...+n+(n-1)+...+1 = n^2/Proof 4,depends_on,odd_number_theorem,Odd Number Theorem
1_seminorm_on_continuous_on_closed_interval_real_valued_functions_is_norm,1-Seminorm on Continuous on Closed Interval Real-Valued Functions is Norm,depends_on,definition_space_of_real_valued_functions_continuous_on_closed_interval,Definition:Space of Real-Valued Functions Continuous on Closed Interval
1_seminorm_on_continuous_on_closed_interval_real_valued_functions_is_norm,1-Seminorm on Continuous on Closed Interval Real-Valued Functions is Norm,depends_on,definition_continuous_real_valued_vector_function,Definition:Continuous Real-Valued Vector Function
1_seminorm_on_continuous_on_closed_interval_real_valued_functions_is_norm,1-Seminorm on Continuous on Closed Interval Real-Valued Functions is Norm,depends_on,definition_p_seminorm,Definition:P-Seminorm
1_seminorm_on_continuous_on_closed_interval_real_valued_functions_is_norm,1-Seminorm on Continuous on Closed Interval Real-Valued Functions is Norm,depends_on,definition_norm_on_vector_space,Definition:Norm on Vector Space
1_seminorm_on_continuous_on_closed_interval_real_valued_functions_is_norm,1-Seminorm on Continuous on Closed Interval Real-Valued Functions is Norm,depends_on,definition_assumption,Definition:Assumption
1_seminorm_on_continuous_on_closed_interval_real_valued_functions_is_norm,1-Seminorm on Continuous on Closed Interval Real-Valued Functions is Norm,depends_on,definition_continuous_real_function_on_closed_interval,Definition:Continuous Real Function on Closed Interval
1_seminorm_on_continuous_on_closed_interval_real_valued_functions_is_norm,1-Seminorm on Continuous on Closed Interval Real-Valued Functions is Norm,depends_on,definition_assumption,Definition:Assumption
1_seminorm_on_continuous_on_closed_interval_real_valued_functions_is_norm,1-Seminorm on Continuous on Closed Interval Real-Valued Functions is Norm,depends_on,definition_continuous_real_function_on_closed_interval,Definition:Continuous Real Function on Closed Interval
1_seminorm_on_continuous_on_closed_interval_real_valued_functions_is_norm,1-Seminorm on Continuous on Closed Interval Real-Valued Functions is Norm,depends_on,reverse_triangle_inequality_normed_vector_space,Reverse Triangle Inequality/Normed Vector Space
1_seminorm_on_continuous_on_closed_interval_real_valued_functions_is_norm,1-Seminorm on Continuous on Closed Interval Real-Valued Functions is Norm,depends_on,definition_contradiction,Definition:Contradiction
1_seminorm_on_continuous_on_closed_interval_real_valued_functions_is_norm,1-Seminorm on Continuous on Closed Interval Real-Valued Functions is Norm,depends_on,triangle_inequality_for_real_numbers,Triangle Inequality for Real Numbers
1_seminorm_on_continuous_on_closed_interval_real_valued_functions_is_norm,1-Seminorm on Continuous on Closed Interval Real-Valued Functions is Norm,depends_on,definition_p_seminorm,Definition:P-Seminorm
1_sequence_space_continuously_surjects_into_separable_banach_space,1-Sequence Space Continuously Surjects into Separable Banach Space,depends_on,definition_p_sequence_space,Definition:p-Sequence Space
1_sequence_space_continuously_surjects_into_separable_banach_space,1-Sequence Space Continuously Surjects into Separable Banach Space,depends_on,definition_separable_space,Definition:Separable Space
1_sequence_space_continuously_surjects_into_separable_banach_space,1-Sequence Space Continuously Surjects into Separable Banach Space,depends_on,definition_banach_space,Definition:Banach Space
1_sequence_space_continuously_surjects_into_separable_banach_space,1-Sequence Space Continuously Surjects into Separable Banach Space,depends_on,definition_bounded_linear_transformation,Definition:Bounded Linear Transformation
1_sequence_space_continuously_surjects_into_separable_banach_space,1-Sequence Space Continuously Surjects into Separable Banach Space,depends_on,definition_surjection,Definition:Surjection
1_sequence_space_continuously_surjects_into_separable_banach_space,1-Sequence Space Continuously Surjects into Separable Banach Space,depends_on,definition_open_unit_ball,Definition:Open Unit Ball
1_sequence_space_continuously_surjects_into_separable_banach_space,1-Sequence Space Continuously Surjects into Separable Banach Space,depends_on,definition_closed_unit_ball,Definition:Closed Unit Ball
1_sequence_space_continuously_surjects_into_separable_banach_space,1-Sequence Space Continuously Surjects into Separable Banach Space,depends_on,definition_open_unit_ball,Definition:Open Unit Ball
1_sequence_space_continuously_surjects_into_separable_banach_space,1-Sequence Space Continuously Surjects into Separable Banach Space,depends_on,definition_closed_unit_ball,Definition:Closed Unit Ball
1_sequence_space_continuously_surjects_into_separable_banach_space,1-Sequence Space Continuously Surjects into Separable Banach Space,depends_on,subspace_of_separable_metric_space_is_separable,Subspace of Separable Metric Space is Separable
1_sequence_space_continuously_surjects_into_separable_banach_space,1-Sequence Space Continuously Surjects into Separable Banach Space,depends_on,definition_separable_space,Definition:Separable Space
1_sequence_space_continuously_surjects_into_separable_banach_space,1-Sequence Space Continuously Surjects into Separable Banach Space,depends_on,definition_countable_set,Definition:Countable Set
1_sequence_space_continuously_surjects_into_separable_banach_space,1-Sequence Space Continuously Surjects into Separable Banach Space,depends_on,definition_everywhere_dense,Definition:Everywhere Dense
1_sequence_space_continuously_surjects_into_separable_banach_space,1-Sequence Space Continuously Surjects into Separable Banach Space,depends_on,absolutely_convergent_series_in_normed_vector_space_is_convergent_iff_space_is_banach,Absolutely Convergent Series in Normed Vector Space is Convergent iff Space is Banach
1_sequence_space_continuously_surjects_into_separable_banach_space,1-Sequence Space Continuously Surjects into Separable Banach Space,depends_on,definition_convergent_series_normed_vector_space,Definition:Convergent Series/Normed Vector Space
1_sequence_space_continuously_surjects_into_separable_banach_space,1-Sequence Space Continuously Surjects into Separable Banach Space,depends_on,definition_bounded_linear_transformation,Definition:Bounded Linear Transformation
1_sequence_space_continuously_surjects_into_separable_banach_space,1-Sequence Space Continuously Surjects into Separable Banach Space,depends_on,linear_combination_of_convergent_series_normed_vector_space,Linear Combination of Convergent Series/Normed Vector Space
1_sequence_space_continuously_surjects_into_separable_banach_space,1-Sequence Space Continuously Surjects into Separable Banach Space,depends_on,definition_schauder_basis,Definition:Schauder Basis
1_sequence_space_continuously_surjects_into_separable_banach_space,1-Sequence Space Continuously Surjects into Separable Banach Space,depends_on,p_sequence_space_admits_schauder_basis,P-Sequence Space admits Schauder Basis
1_sequence_space_continuously_surjects_into_separable_banach_space,1-Sequence Space Continuously Surjects into Separable Banach Space,depends_on,definition_everywhere_dense,Definition:Everywhere Dense
1_sequence_space_continuously_surjects_into_separable_banach_space,1-Sequence Space Continuously Surjects into Separable Banach Space,depends_on,set_closure_preserves_set_inclusion,Set Closure Preserves Set Inclusion
1_sequence_space_continuously_surjects_into_separable_banach_space,1-Sequence Space Continuously Surjects into Separable Banach Space,depends_on,sum_of_infinite_geometric_sequence,Sum of Infinite Geometric Sequence
1_sequence_space_continuously_surjects_into_separable_banach_space,1-Sequence Space Continuously Surjects into Separable Banach Space,depends_on,absolutely_convergent_series_in_normed_vector_space_is_convergent_iff_space_is_banach,Absolutely Convergent Series in Normed Vector Space is Convergent iff Space is Banach
1_sequence_space_continuously_surjects_into_separable_banach_space,1-Sequence Space Continuously Surjects into Separable Banach Space,depends_on,definition_convergent_series_normed_vector_space,Definition:Convergent Series/Normed Vector Space
1_sequence_space_continuously_surjects_into_separable_banach_space,1-Sequence Space Continuously Surjects into Separable Banach Space,depends_on,continuous_mappings_preserve_convergent_sequences,Continuous Mappings preserve Convergent Sequences
1_sequence_space_continuously_surjects_into_separable_banach_space,1-Sequence Space Continuously Surjects into Separable Banach Space,depends_on,image_of_union_under_mapping_general_result,Image of Union under Mapping/General Result
1_sequence_space_continuously_surjects_into_separable_banach_space,1-Sequence Space Continuously Surjects into Separable Banach Space,depends_on,definition_surjective_mapping,Definition:Surjective Mapping
1_sequence_space_continuously_surjects_into_separable_banach_space,1-Sequence Space Continuously Surjects into Separable Banach Space,depends_on,definition_bounded_linear_transformation,Definition:Bounded Linear Transformation
1_sequence_space_is_proper_subset_of_2_sequence_space,1-Sequence Space is Proper Subset of 2-Sequence Space,depends_on,definition_p_sequence_space,Definition:P-Sequence Space
1_sequence_space_is_proper_subset_of_2_sequence_space,1-Sequence Space is Proper Subset of 2-Sequence Space,depends_on,definition_p_sequence_space,Definition:P-Sequence Space
1_sequence_space_is_proper_subset_of_2_sequence_space,1-Sequence Space is Proper Subset of 2-Sequence Space,depends_on,definition_proper_subset,Definition:Proper Subset
1_sequence_space_is_proper_subset_of_2_sequence_space,1-Sequence Space is Proper Subset of 2-Sequence Space,depends_on,definition_subset,Definition:Subset
1_sequence_space_is_proper_subset_of_2_sequence_space,1-Sequence Space is Proper Subset of 2-Sequence Space,depends_on,definition_sequence,Definition:Sequence
1_sequence_space_is_proper_subset_of_2_sequence_space,1-Sequence Space is Proper Subset of 2-Sequence Space,depends_on,definition_p_sequence_space,Definition:P-Sequence Space
1_sequence_space_is_proper_subset_of_2_sequence_space,1-Sequence Space is Proper Subset of 2-Sequence Space,depends_on,terms_in_convergent_series_converge_to_zero,Terms in Convergent Series Converge to Zero
1_sequence_space_is_proper_subset_of_2_sequence_space,1-Sequence Space is Proper Subset of 2-Sequence Space,depends_on,definition_convergent_sequence_in_normed_vector_space,Definition:Convergent Sequence in Normed Vector Space
1_sequence_space_is_proper_subset_of_2_sequence_space,1-Sequence Space is Proper Subset of 2-Sequence Space,depends_on,comparison_test,Comparison Test
1_sequence_space_is_proper_subset_of_2_sequence_space,1-Sequence Space is Proper Subset of 2-Sequence Space,depends_on,definition_subset,Definition:Subset
1_sequence_space_is_proper_subset_of_2_sequence_space,1-Sequence Space is Proper Subset of 2-Sequence Space,depends_on,basel_problem,Basel Problem
1_sequence_space_is_proper_subset_of_2_sequence_space,1-Sequence Space is Proper Subset of 2-Sequence Space,depends_on,harmonic_series_is_divergent,Harmonic Series is Divergent
1_sequence_space_is_proper_subset_of_2_sequence_space,1-Sequence Space is Proper Subset of 2-Sequence Space,depends_on,definition_divergent_series,Definition:Divergent Series
1_sequence_space_is_proper_subset_of_2_sequence_space,1-Sequence Space is Proper Subset of 2-Sequence Space,depends_on,definition_set_equality_definition_2,Definition:Set Equality/Definition 2
1_sequence_space_is_separable,1-Sequence Space is Separable,depends_on,definition_p_sequence_space,Definition:P-Sequence Space
1_sequence_space_is_separable,1-Sequence Space is Separable,depends_on,definition_separable_normed_vector_space,Definition:Separable Normed Vector Space
1_sequence_space_is_separable,1-Sequence Space is Separable,depends_on,definition_set,Definition:Set
1_sequence_space_is_separable,1-Sequence Space is Separable,depends_on,definition_finite_set,Definition:Finite Set
1_sequence_space_is_separable,1-Sequence Space is Separable,depends_on,definition_support_of_mapping_to_algebraic_structure,Definition:Support of Mapping to Algebraic Structure
1_sequence_space_is_separable,1-Sequence Space is Separable,depends_on,definition_sequence,Definition:Sequence
1_sequence_space_is_separable,1-Sequence Space is Separable,depends_on,definition_rational_number,Definition:Rational Number
1_sequence_space_is_separable,1-Sequence Space is Separable,depends_on,rational_numbers_are_countably_infinite,Rational Numbers are Countably Infinite
1_sequence_space_is_separable,1-Sequence Space is Separable,depends_on,definition_finite_set,Definition:Finite Set
1_sequence_space_is_separable,1-Sequence Space is Separable,depends_on,definition_countable_set_definition_3,Definition:Countable Set/Definition 3
1_sequence_space_is_separable,1-Sequence Space is Separable,depends_on,definition_finite_set,Definition:Finite Set
1_sequence_space_is_separable,1-Sequence Space is Separable,depends_on,definition_countable,Definition:Countable
1_sequence_space_is_separable,1-Sequence Space is Separable,depends_on,countable_union_of_countable_sets_is_countable,Countable Union of Countable Sets is Countable
1_sequence_space_is_separable,1-Sequence Space is Separable,depends_on,definition_countable_set,Definition:Countable Set
1_sequence_space_is_separable,1-Sequence Space is Separable,depends_on,definition_p_sequence_space,Definition:P-Sequence Space
1_sequence_space_is_separable,1-Sequence Space is Separable,depends_on,definition_sequence,Definition:Sequence
1_sequence_space_is_separable,1-Sequence Space is Separable,depends_on,definition_partial_sum,Definition:Partial Sum
1_sequence_space_is_separable,1-Sequence Space is Separable,depends_on,definition_convergent_sequence_in_normed_vector_space,Definition:Convergent Sequence in Normed Vector Space
1_sequence_space_is_separable,1-Sequence Space is Separable,depends_on,rationals_are_everywhere_dense_in_reals_normed_vector_space,Rationals are Everywhere Dense in Reals/Normed Vector Space
10_consecutive_integers_contain_coprime_integer,10 Consecutive Integers contain Coprime Integer,depends_on,definition_integer,Definition:Integer
10_consecutive_integers_contain_coprime_integer,10 Consecutive Integers contain Coprime Integer,depends_on,definition_set,Definition:Set
10_consecutive_integers_contain_coprime_integer,10 Consecutive Integers contain Coprime Integer,depends_on,definition_integer,Definition:Integer
10_consecutive_integers_contain_coprime_integer,10 Consecutive Integers contain Coprime Integer,depends_on,definition_element,Definition:Element
10_consecutive_integers_contain_coprime_integer,10 Consecutive Integers contain Coprime Integer,depends_on,definition_coprime_integers,Definition:Coprime Integers
10_consecutive_integers_contain_coprime_integer,10 Consecutive Integers contain Coprime Integer,depends_on,definition_element,Definition:Element
10_consecutive_integers_contain_coprime_integer,10 Consecutive Integers contain Coprime Integer,depends_on,definition_element,Definition:Element
10_consecutive_integers_contain_coprime_integer,10 Consecutive Integers contain Coprime Integer,depends_on,definition_common_divisor,Definition:Common Divisor
10_consecutive_integers_contain_coprime_integer,10 Consecutive Integers contain Coprime Integer,depends_on,fundamental_theorem_of_arithmetic,Fundamental Theorem of Arithmetic
10_consecutive_integers_contain_coprime_integer,10 Consecutive Integers contain Coprime Integer,depends_on,definition_prime_factor,Definition:Prime Factor
10_consecutive_integers_contain_coprime_integer,10 Consecutive Integers contain Coprime Integer,depends_on,definition_common_divisor,Definition:Common Divisor
10_consecutive_integers_contain_coprime_integer,10 Consecutive Integers contain Coprime Integer,depends_on,definition_common_divisor,Definition:Common Divisor
10_consecutive_integers_contain_coprime_integer,10 Consecutive Integers contain Coprime Integer,depends_on,definition_element,Definition:Element
10_consecutive_integers_contain_coprime_integer,10 Consecutive Integers contain Coprime Integer,depends_on,definition_common_divisor,Definition:Common Divisor
10_consecutive_integers_contain_coprime_integer,10 Consecutive Integers contain Coprime Integer,depends_on,definition_element,Definition:Element
10_consecutive_integers_contain_coprime_integer,10 Consecutive Integers contain Coprime Integer,depends_on,definition_common_divisor,Definition:Common Divisor
10_consecutive_integers_contain_coprime_integer,10 Consecutive Integers contain Coprime Integer,depends_on,definition_odd_integer,Definition:Odd Integer
10_consecutive_integers_contain_coprime_integer,10 Consecutive Integers contain Coprime Integer,depends_on,definition_element,Definition:Element
10_consecutive_integers_contain_coprime_integer,10 Consecutive Integers contain Coprime Integer,depends_on,definition_common_divisor,Definition:Common Divisor
10_consecutive_integers_contain_coprime_integer,10 Consecutive Integers contain Coprime Integer,depends_on,definition_even_integer,Definition:Even Integer
10_consecutive_integers_contain_coprime_integer,10 Consecutive Integers contain Coprime Integer,depends_on,definition_element,Definition:Element
10_consecutive_integers_contain_coprime_integer,10 Consecutive Integers contain Coprime Integer,depends_on,definition_common_divisor,Definition:Common Divisor
10_consecutive_integers_contain_coprime_integer,10 Consecutive Integers contain Coprime Integer,depends_on,definition_even_integer,Definition:Even Integer
10_consecutive_integers_contain_coprime_integer,10 Consecutive Integers contain Coprime Integer,depends_on,definition_element,Definition:Element
10_consecutive_integers_contain_coprime_integer,10 Consecutive Integers contain Coprime Integer,depends_on,definition_common_divisor,Definition:Common Divisor
10_consecutive_integers_contain_coprime_integer,10 Consecutive Integers contain Coprime Integer,depends_on,definition_element,Definition:Element
10_consecutive_integers_contain_coprime_integer,10 Consecutive Integers contain Coprime Integer,depends_on,definition_divisor_of_integer,Definition:Divisor of Integer
10_consecutive_integers_contain_coprime_integer,10 Consecutive Integers contain Coprime Integer,depends_on,definition_divisor_of_integer,Definition:Divisor of Integer
10_consecutive_integers_contain_coprime_integer,10 Consecutive Integers contain Coprime Integer,depends_on,definition_divisor_of_integer,Definition:Divisor of Integer
10_consecutive_integers_contain_coprime_integer,10 Consecutive Integers contain Coprime Integer,depends_on,definition_divisor_of_integer,Definition:Divisor of Integer
10_consecutive_integers_contain_coprime_integer,10 Consecutive Integers contain Coprime Integer,depends_on,definition_element,Definition:Element
10_consecutive_integers_contain_coprime_integer,10 Consecutive Integers contain Coprime Integer,depends_on,definition_divisor_of_integer,Definition:Divisor of Integer
10_consecutive_integers_contain_coprime_integer,10 Consecutive Integers contain Coprime Integer,depends_on,definition_element,Definition:Element
10_consecutive_integers_contain_coprime_integer,10 Consecutive Integers contain Coprime Integer,depends_on,definition_common_divisor,Definition:Common Divisor
10_consecutive_integers_contain_coprime_integer,10 Consecutive Integers contain Coprime Integer,depends_on,definition_element,Definition:Element
10_consecutive_integers_contain_coprime_integer,10 Consecutive Integers contain Coprime Integer,depends_on,10_consecutive_integers_contain_coprime_integer_historical_note,10 Consecutive Integers contain Coprime Integer/Historical Note
10_is_only_triangular_number_that_is_sum_of_consecutive_odd_squares,10 is Only Triangular Number that is Sum of Consecutive Odd Squares,depends_on,definition_triangular_number,Definition:Triangular Number
10_is_only_triangular_number_that_is_sum_of_consecutive_odd_squares,10 is Only Triangular Number that is Sum of Consecutive Odd Squares,depends_on,definition_odd_integer,Definition:Odd Integer
10_is_only_triangular_number_that_is_sum_of_consecutive_odd_squares,10 is Only Triangular Number that is Sum of Consecutive Odd Squares,depends_on,definition_square_number,Definition:Square Number
10_is_only_triangular_number_that_is_sum_of_consecutive_odd_squares,10 is Only Triangular Number that is Sum of Consecutive Odd Squares,depends_on,definition_odd_integer,Definition:Odd Integer
10_is_only_triangular_number_that_is_sum_of_consecutive_odd_squares,10 is Only Triangular Number that is Sum of Consecutive Odd Squares,depends_on,definition_square_number,Definition:Square Number
10_is_only_triangular_number_that_is_sum_of_consecutive_odd_squares,10 is Only Triangular Number that is Sum of Consecutive Odd Squares,depends_on,definition_closed_form_expression,Definition:Closed-Form Expression
10_is_only_triangular_number_that_is_sum_of_consecutive_odd_squares,10 is Only Triangular Number that is Sum of Consecutive Odd Squares,depends_on,definition_odd_integer,Definition:Odd Integer
10_is_only_triangular_number_that_is_sum_of_consecutive_odd_squares,10 is Only Triangular Number that is Sum of Consecutive Odd Squares,depends_on,definition_square_number,Definition:Square Number
10_is_only_triangular_number_that_is_sum_of_consecutive_odd_squares,10 is Only Triangular Number that is Sum of Consecutive Odd Squares,depends_on,solutions_to_diophantine_equation_16x_2_32x_20_y_2_y,Solutions to Diophantine Equation 16x^2+32x+20 = y^2+y
100_in_golden_mean_number_system_is_equivalent_to_011,100 in Golden Mean Number System is Equivalent to 011,depends_on,definition_golden_mean_number_system,Definition:Golden Mean Number System
100_in_golden_mean_number_system_is_equivalent_to_011,100 in Golden Mean Number System is Equivalent to 011,depends_on,definition_string,Definition:String
100_in_golden_mean_number_system_is_equivalent_to_011,100 in Golden Mean Number System is Equivalent to 011,depends_on,definition_string,Definition:String
100_in_golden_mean_number_system_is_equivalent_to_011,100 in Golden Mean Number System is Equivalent to 011,depends_on,definition_string,Definition:String
100_in_golden_mean_number_system_is_equivalent_to_011,100 in Golden Mean Number System is Equivalent to 011,depends_on,definition_non_negative_real_number,Definition:Non-Negative Real Number
100_in_golden_mean_number_system_is_equivalent_to_011,100 in Golden Mean Number System is Equivalent to 011,depends_on,definition_equivalent_representations_in_golden_mean_number_system,Definition:Equivalent Representations in Golden Mean Number System
100_in_golden_mean_number_system_is_equivalent_to_011,100 in Golden Mean Number System is Equivalent to 011,depends_on,definition_radix_point,Definition:Radix Point
100_in_golden_mean_number_system_is_equivalent_to_011,100 in Golden Mean Number System is Equivalent to 011,depends_on,definition_equivalent_representations_in_golden_mean_number_system,Definition:Equivalent Representations in Golden Mean Number System
100_in_golden_mean_number_system_is_equivalent_to_011,100 in Golden Mean Number System is Equivalent to 011,depends_on,definition_radix_point,Definition:Radix Point
100_in_golden_mean_number_system_is_equivalent_to_011,100 in Golden Mean Number System is Equivalent to 011,depends_on,power_of_golden_mean_as_sum_of_smaller_powers,Power of Golden Mean as Sum of Smaller Powers
100_in_golden_mean_number_system_is_equivalent_to_011,100 in Golden Mean Number System is Equivalent to 011,depends_on,definition_string,Definition:String
100_using_digits_from_1_to_9,100 using Digits from 1 to 9,depends_on,definition_digit,Definition:Digit
100_using_digits_from_1_to_9,100 using Digits from 1 to 9,depends_on,definition_parenthesis,Definition:Parenthesis
100_using_digits_from_1_to_9,100 using Digits from 1 to 9,depends_on,definition_digit,Definition:Digit
100_using_digits_from_1_to_9,100 using Digits from 1 to 9,depends_on,100_using_digits_from_1_to_9_historical_note,100 using Digits from 1 to 9/Historical Note
101_is_smallest_number_whose_period_of_reciprocal_is_4,101 is Smallest Number whose Period of Reciprocal is 4,depends_on,definition_positive_integer,Definition:Positive Integer
101_is_smallest_number_whose_period_of_reciprocal_is_4,101 is Smallest Number whose Period of Reciprocal is 4,depends_on,definition_decimal_expansion,Definition:Decimal Expansion
101_is_smallest_number_whose_period_of_reciprocal_is_4,101 is Smallest Number whose Period of Reciprocal is 4,depends_on,definition_reciprocal,Definition:Reciprocal
101_is_smallest_number_whose_period_of_reciprocal_is_4,101 is Smallest Number whose Period of Reciprocal is 4,depends_on,definition_period_of_recurrence,Definition:Period of Recurrence
101_is_smallest_number_whose_period_of_reciprocal_is_4,101 is Smallest Number whose Period of Reciprocal is 4,depends_on,difference_of_two_squares,Difference of Two Squares
103_is_smallest_prime_whose_period_of_reciprocal_is_one_third_of_maximal,103 is Smallest Prime whose Period of Reciprocal is One Third of Maximal,depends_on,definition_prime_number,Definition:Prime Number
103_is_smallest_prime_whose_period_of_reciprocal_is_one_third_of_maximal,103 is Smallest Prime whose Period of Reciprocal is One Third of Maximal,depends_on,definition_period_of_recurrence,Definition:Period of Recurrence
103_is_smallest_prime_whose_period_of_reciprocal_is_one_third_of_maximal,103 is Smallest Prime whose Period of Reciprocal is One Third of Maximal,depends_on,definition_decimal_expansion,Definition:Decimal Expansion
103_is_smallest_prime_whose_period_of_reciprocal_is_one_third_of_maximal,103 is Smallest Prime whose Period of Reciprocal is One Third of Maximal,depends_on,definition_reciprocal,Definition:Reciprocal
103_is_smallest_prime_whose_period_of_reciprocal_is_one_third_of_maximal,103 is Smallest Prime whose Period of Reciprocal is One Third of Maximal,depends_on,reciprocal_of_103,Reciprocal of 103
103_is_smallest_prime_whose_period_of_reciprocal_is_one_third_of_maximal,103 is Smallest Prime whose Period of Reciprocal is One Third of Maximal,depends_on,definition_period_of_recurrence,Definition:Period of Recurrence
103_is_smallest_prime_whose_period_of_reciprocal_is_one_third_of_maximal,103 is Smallest Prime whose Period of Reciprocal is One Third of Maximal,depends_on,maximum_period_of_reciprocal_of_prime,Maximum Period of Reciprocal of Prime
103_is_smallest_prime_whose_period_of_reciprocal_is_one_third_of_maximal,103 is Smallest Prime whose Period of Reciprocal is One Third of Maximal,depends_on,definition_period_of_recurrence,Definition:Period of Recurrence
103_is_smallest_prime_whose_period_of_reciprocal_is_one_third_of_maximal,103 is Smallest Prime whose Period of Reciprocal is One Third of Maximal,depends_on,definition_reciprocal,Definition:Reciprocal
103_is_smallest_prime_whose_period_of_reciprocal_is_one_third_of_maximal,103 is Smallest Prime whose Period of Reciprocal is One Third of Maximal,depends_on,definition_decimal_notation,Definition:Decimal Notation
103_is_smallest_prime_whose_period_of_reciprocal_is_one_third_of_maximal,103 is Smallest Prime whose Period of Reciprocal is One Third of Maximal,depends_on,definition_prime_number,Definition:Prime Number
103_is_smallest_prime_whose_period_of_reciprocal_is_one_third_of_maximal,103 is Smallest Prime whose Period of Reciprocal is One Third of Maximal,depends_on,definition_period_of_recurrence,Definition:Period of Recurrence
103_is_smallest_prime_whose_period_of_reciprocal_is_one_third_of_maximal,103 is Smallest Prime whose Period of Reciprocal is One Third of Maximal,depends_on,definition_reciprocal,Definition:Reciprocal
103_is_smallest_prime_whose_period_of_reciprocal_is_one_third_of_maximal,103 is Smallest Prime whose Period of Reciprocal is One Third of Maximal,depends_on,definition_prime_number,Definition:Prime Number
103_is_smallest_prime_whose_period_of_reciprocal_is_one_third_of_maximal,103 is Smallest Prime whose Period of Reciprocal is One Third of Maximal,depends_on,long_period_prime_examples_7,Long Period Prime/Examples/7
103_is_smallest_prime_whose_period_of_reciprocal_is_one_third_of_maximal,103 is Smallest Prime whose Period of Reciprocal is One Third of Maximal,depends_on,long_period_prime_examples_19,Long Period Prime/Examples/19
103_is_smallest_prime_whose_period_of_reciprocal_is_one_third_of_maximal,103 is Smallest Prime whose Period of Reciprocal is One Third of Maximal,depends_on,long_period_prime_examples_61,Long Period Prime/Examples/61
103_is_smallest_prime_whose_period_of_reciprocal_is_one_third_of_maximal,103 is Smallest Prime whose Period of Reciprocal is One Third of Maximal,depends_on,long_period_prime_examples_97,Long Period Prime/Examples/97
103_is_smallest_prime_whose_period_of_reciprocal_is_one_third_of_maximal,103 is Smallest Prime whose Period of Reciprocal is One Third of Maximal,depends_on,definition_prime_number,Definition:Prime Number
103_is_smallest_prime_whose_period_of_reciprocal_is_one_third_of_maximal,103 is Smallest Prime whose Period of Reciprocal is One Third of Maximal,depends_on,definition_period_of_recurrence,Definition:Period of Recurrence
103_is_smallest_prime_whose_period_of_reciprocal_is_one_third_of_maximal,103 is Smallest Prime whose Period of Reciprocal is One Third of Maximal,depends_on,reciprocal_of_13,Reciprocal of 13
103_is_smallest_prime_whose_period_of_reciprocal_is_one_third_of_maximal,103 is Smallest Prime whose Period of Reciprocal is One Third of Maximal,depends_on,definition_period_of_recurrence,Definition:Period of Recurrence
103_is_smallest_prime_whose_period_of_reciprocal_is_one_third_of_maximal,103 is Smallest Prime whose Period of Reciprocal is One Third of Maximal,depends_on,reciprocal_of_31,Reciprocal of 31
103_is_smallest_prime_whose_period_of_reciprocal_is_one_third_of_maximal,103 is Smallest Prime whose Period of Reciprocal is One Third of Maximal,depends_on,definition_period_of_recurrence,Definition:Period of Recurrence
103_is_smallest_prime_whose_period_of_reciprocal_is_one_third_of_maximal,103 is Smallest Prime whose Period of Reciprocal is One Third of Maximal,depends_on,reciprocal_of_37,Reciprocal of 37
103_is_smallest_prime_whose_period_of_reciprocal_is_one_third_of_maximal,103 is Smallest Prime whose Period of Reciprocal is One Third of Maximal,depends_on,definition_period_of_recurrence,Definition:Period of Recurrence
103_is_smallest_prime_whose_period_of_reciprocal_is_one_third_of_maximal,103 is Smallest Prime whose Period of Reciprocal is One Third of Maximal,depends_on,reciprocal_of_43,Reciprocal of 43
103_is_smallest_prime_whose_period_of_reciprocal_is_one_third_of_maximal,103 is Smallest Prime whose Period of Reciprocal is One Third of Maximal,depends_on,definition_period_of_recurrence,Definition:Period of Recurrence
103_is_smallest_prime_whose_period_of_reciprocal_is_one_third_of_maximal,103 is Smallest Prime whose Period of Reciprocal is One Third of Maximal,depends_on,reciprocal_of_67,Reciprocal of 67
103_is_smallest_prime_whose_period_of_reciprocal_is_one_third_of_maximal,103 is Smallest Prime whose Period of Reciprocal is One Third of Maximal,depends_on,definition_period_of_recurrence,Definition:Period of Recurrence
103_is_smallest_prime_whose_period_of_reciprocal_is_one_third_of_maximal,103 is Smallest Prime whose Period of Reciprocal is One Third of Maximal,depends_on,reciprocal_of_73,Reciprocal of 73
103_is_smallest_prime_whose_period_of_reciprocal_is_one_third_of_maximal,103 is Smallest Prime whose Period of Reciprocal is One Third of Maximal,depends_on,definition_period_of_recurrence,Definition:Period of Recurrence
103_is_smallest_prime_whose_period_of_reciprocal_is_one_third_of_maximal,103 is Smallest Prime whose Period of Reciprocal is One Third of Maximal,depends_on,reciprocal_of_79,Reciprocal of 79
103_is_smallest_prime_whose_period_of_reciprocal_is_one_third_of_maximal,103 is Smallest Prime whose Period of Reciprocal is One Third of Maximal,depends_on,definition_period_of_recurrence,Definition:Period of Recurrence
103_is_smallest_prime_whose_period_of_reciprocal_is_one_third_of_maximal,103 is Smallest Prime whose Period of Reciprocal is One Third of Maximal,depends_on,definition_prime_number,Definition:Prime Number
1089_trick,1089 Trick,depends_on,definition_reversal,Definition:Reversal
1089_trick,1089 Trick,depends_on,definition_reversal,Definition:Reversal
1089_trick,1089 Trick,depends_on,definition_decimal_notation,Definition:Decimal Notation
1089_trick,1089 Trick,depends_on,definition_reversal,Definition:Reversal
1089_trick,1089 Trick,depends_on,definition_reversal,Definition:Reversal
11_is_only_palindromic_prime_with_even_number_of_digits,11 is Only Palindromic Prime with Even Number of Digits,depends_on,definition_palindromic_prime,Definition:Palindromic Prime
11_is_only_palindromic_prime_with_even_number_of_digits,11 is Only Palindromic Prime with Even Number of Digits,depends_on,definition_even_integer,Definition:Even Integer
11_is_only_palindromic_prime_with_even_number_of_digits,11 is Only Palindromic Prime with Even Number of Digits,depends_on,definition_digit,Definition:Digit
11_is_only_palindromic_prime_with_even_number_of_digits,11 is Only Palindromic Prime with Even Number of Digits,depends_on,definition_decimal_notation,Definition:Decimal Notation
11_is_only_palindromic_prime_with_even_number_of_digits,11 is Only Palindromic Prime with Even Number of Digits,depends_on,definition_palindromic_number,Definition:Palindromic Number
11_is_only_palindromic_prime_with_even_number_of_digits,11 is Only Palindromic Prime with Even Number of Digits,depends_on,definition_digit,Definition:Digit
11_is_only_palindromic_prime_with_even_number_of_digits,11 is Only Palindromic Prime with Even Number of Digits,depends_on,definition_summation,Definition:Summation
11_is_only_palindromic_prime_with_even_number_of_digits,11 is Only Palindromic Prime with Even Number of Digits,depends_on,definition_odd_integer,Definition:Odd Integer
11_is_only_palindromic_prime_with_even_number_of_digits,11 is Only Palindromic Prime with Even Number of Digits,depends_on,definition_parity_of_integer,Definition:Parity of Integer
11_is_only_palindromic_prime_with_even_number_of_digits,11 is Only Palindromic Prime with Even Number of Digits,depends_on,divisibility_by_11,Divisibility by 11
11_is_only_palindromic_prime_with_even_number_of_digits,11 is Only Palindromic Prime with Even Number of Digits,depends_on,definition_divisor_of_integer,Definition:Divisor of Integer
11_is_only_palindromic_prime_with_even_number_of_digits,11 is Only Palindromic Prime with Even Number of Digits,depends_on,definition_palindromic_number,Definition:Palindromic Number
11_is_only_palindromic_prime_with_even_number_of_digits,11 is Only Palindromic Prime with Even Number of Digits,depends_on,definition_even_integer,Definition:Even Integer
11_is_only_palindromic_prime_with_even_number_of_digits,11 is Only Palindromic Prime with Even Number of Digits,depends_on,definition_digit,Definition:Digit
11_is_only_palindromic_prime_with_even_number_of_digits,11 is Only Palindromic Prime with Even Number of Digits,depends_on,definition_prime_number,Definition:Prime Number
1105_as_sum_of_two_squares,1105 as Sum of Two Squares,depends_on,definition_integer_addition,Definition:Integer Addition
1105_as_sum_of_two_squares,1105 as Sum of Two Squares,depends_on,definition_square_number,Definition:Square Number
1105_as_sum_of_two_squares,1105 as Sum of Two Squares,depends_on,definition_integer,Definition:Integer
1105_as_sum_of_two_squares,1105 as Sum of Two Squares,depends_on,definition_positive_integer,Definition:Positive Integer
1105_as_sum_of_two_squares,1105 as Sum of Two Squares,depends_on,definition_integer_addition,Definition:Integer Addition
1105_as_sum_of_two_squares,1105 as Sum of Two Squares,depends_on,definition_square_number,Definition:Square Number
1105_as_sum_of_two_squares,1105 as Sum of Two Squares,depends_on,definition_positive_integer,Definition:Positive Integer
12_knights_to_attack_or_occupy_all_squares_on_chessboard,12 Knights to Attack or Occupy All Squares on Chessboard,depends_on,definition_chessboard,Definition:Chessboard
12_knights_to_attack_or_occupy_all_squares_on_chessboard,12 Knights to Attack or Occupy All Squares on Chessboard,depends_on,definition_chess_knight,Definition:Chess Knight
12_knights_to_attack_or_occupy_all_squares_on_chessboard,12 Knights to Attack or Occupy All Squares on Chessboard,depends_on,definition_square_of_chessboard,Definition:Square of Chessboard
12_knights_to_attack_or_occupy_all_squares_on_chessboard,12 Knights to Attack or Occupy All Squares on Chessboard,depends_on,definition_under_attack,Definition:Under Attack
12_knights_to_attack_or_occupy_all_squares_on_chessboard,12 Knights to Attack or Occupy All Squares on Chessboard,depends_on,definition_chess_knight,Definition:Chess Knight
12_knights_to_attack_or_occupy_all_squares_on_chessboard,12 Knights to Attack or Occupy All Squares on Chessboard,depends_on,definition_under_attack,Definition:Under Attack
12_knights_to_attack_or_occupy_all_squares_on_chessboard,12 Knights to Attack or Occupy All Squares on Chessboard,depends_on,definition_square_of_chessboard,Definition:Square of Chessboard
12_knights_to_attack_or_occupy_all_squares_on_chessboard,12 Knights to Attack or Occupy All Squares on Chessboard,depends_on,definition_square_of_chessboard,Definition:Square of Chessboard
12_knights_to_attack_or_occupy_all_squares_on_chessboard,12 Knights to Attack or Occupy All Squares on Chessboard,depends_on,definition_chess_knight,Definition:Chess Knight
12_knights_to_attack_or_occupy_all_squares_on_chessboard,12 Knights to Attack or Occupy All Squares on Chessboard,depends_on,definition_under_attack,Definition:Under Attack
12_knights_to_attack_or_occupy_all_squares_on_chessboard,12 Knights to Attack or Occupy All Squares on Chessboard,depends_on,definition_square_of_chessboard,Definition:Square of Chessboard
12_knights_to_attack_or_occupy_all_squares_on_chessboard,12 Knights to Attack or Occupy All Squares on Chessboard,depends_on,definition_chess_knight,Definition:Chess Knight
12_knights_to_attack_or_occupy_all_squares_on_chessboard,12 Knights to Attack or Occupy All Squares on Chessboard,depends_on,definition_chess_knight,Definition:Chess Knight
12_knights_to_attack_or_occupy_all_squares_on_chessboard,12 Knights to Attack or Occupy All Squares on Chessboard,depends_on,definition_square_of_chessboard,Definition:Square of Chessboard
12_knights_to_attack_or_occupy_all_squares_on_chessboard,12 Knights to Attack or Occupy All Squares on Chessboard,depends_on,definition_under_attack,Definition:Under Attack
12_knights_to_attack_or_occupy_all_squares_on_chessboard,12 Knights to Attack or Occupy All Squares on Chessboard,depends_on,definition_chess_knight,Definition:Chess Knight
12_knights_to_attack_or_occupy_all_squares_on_chessboard,12 Knights to Attack or Occupy All Squares on Chessboard,depends_on,definition_square_of_chessboard,Definition:Square of Chessboard
12_knights_to_attack_or_occupy_all_squares_on_chessboard,12 Knights to Attack or Occupy All Squares on Chessboard,depends_on,definition_under_attack,Definition:Under Attack
12_times_divisor_sum_of_12_equals_14_times_divisor_sum_of_14,12 times Divisor Sum of 12 equals 14 times Divisor Sum of 14,depends_on,definition_indeterminate_equation,Definition:Indeterminate Equation
12_times_divisor_sum_of_12_equals_14_times_divisor_sum_of_14,12 times Divisor Sum of 12 equals 14 times Divisor Sum of 14,depends_on,definition_divisor_sum_function,Definition:Divisor Sum Function
121_is_square_number_in_all_bases_greater_than_2,121 is Square Number in All Bases greater than 2,depends_on,definition_integer,Definition:Integer
121_is_square_number_in_all_bases_greater_than_2,121 is Square Number in All Bases greater than 2,depends_on,definition_positive_integer,Definition:Positive Integer
121_is_square_number_in_all_bases_greater_than_2,121 is Square Number in All Bases greater than 2,depends_on,definition_number_base,Definition:Number Base
121_is_square_number_in_all_bases_greater_than_2,121 is Square Number in All Bases greater than 2,depends_on,definition_square_number,Definition:Square Number
121_is_square_number_in_all_bases_greater_than_2,121 is Square Number in All Bases greater than 2,depends_on,basis_representation_theorem,Basis Representation Theorem
121_is_square_number_in_all_bases_greater_than_2,121 is Square Number in All Bases greater than 2,depends_on,square_of_sum,Square of Sum
121_is_square_number_in_all_bases_greater_than_2,121 is Square Number in All Bases greater than 2,depends_on,definition_square_number,Definition:Square Number
123456789_x_8_9_987654321,123456789 x 8 + 9 = 987654321,depends_on,principle_of_mathematical_induction,Principle of Mathematical Induction
123456789_x_8_9_987654321,123456789 x 8 + 9 = 987654321,depends_on,definition_proposition,Definition:Proposition
123456789_x_8_9_987654321,123456789 x 8 + 9 = 987654321,depends_on,definition_basis_for_the_induction,Definition:Basis for the Induction
123456789_x_8_9_987654321,123456789 x 8 + 9 = 987654321,depends_on,definition_induction_hypothesis,Definition:Induction Hypothesis
123456789_x_8_9_987654321,123456789 x 8 + 9 = 987654321,depends_on,definition_induction_step,Definition:Induction Step
123456789_x_8_9_987654321,123456789 x 8 + 9 = 987654321,depends_on,principle_of_mathematical_induction,Principle of Mathematical Induction
123456789_x_9_10_1111111111,123456789 x 9 + 10 = 1111111111,depends_on,principle_of_mathematical_induction,Principle of Mathematical Induction
123456789_x_9_10_1111111111,123456789 x 9 + 10 = 1111111111,depends_on,definition_proposition,Definition:Proposition
123456789_x_9_10_1111111111,123456789 x 9 + 10 = 1111111111,depends_on,definition_basis_for_the_induction,Definition:Basis for the Induction
123456789_x_9_10_1111111111,123456789 x 9 + 10 = 1111111111,depends_on,definition_induction_hypothesis,Definition:Induction Hypothesis
123456789_x_9_10_1111111111,123456789 x 9 + 10 = 1111111111,depends_on,definition_induction_step,Definition:Induction Step
123456789_x_9_10_1111111111,123456789 x 9 + 10 = 1111111111,depends_on,translation_of_index_variable_of_summation_corollary,Translation of Index Variable of Summation/Corollary
123456789_x_9_10_1111111111,123456789 x 9 + 10 = 1111111111,depends_on,principle_of_mathematical_induction,Principle of Mathematical Induction
132_is_sum_of_all_2_digit_numbers_formed_from_its_digits,132 is Sum of all 2-Digit Numbers formed from its Digits,depends_on,definition_integer_addition,Definition:Integer Addition
132_is_sum_of_all_2_digit_numbers_formed_from_its_digits,132 is Sum of all 2-Digit Numbers formed from its Digits,depends_on,definition_digit,Definition:Digit
132_is_sum_of_all_2_digit_numbers_formed_from_its_digits,132 is Sum of all 2-Digit Numbers formed from its Digits,depends_on,definition_positive_integer,Definition:Positive Integer
132_is_sum_of_all_2_digit_numbers_formed_from_its_digits,132 is Sum of all 2-Digit Numbers formed from its Digits,depends_on,definition_digit,Definition:Digit
132_is_sum_of_all_2_digit_numbers_formed_from_its_digits,132 is Sum of all 2-Digit Numbers formed from its Digits,depends_on,definition_positive_integer,Definition:Positive Integer
132_is_sum_of_all_2_digit_numbers_formed_from_its_digits,132 is Sum of all 2-Digit Numbers formed from its Digits,depends_on,definition_digit,Definition:Digit
132_is_sum_of_all_2_digit_numbers_formed_from_its_digits,132 is Sum of all 2-Digit Numbers formed from its Digits,depends_on,definition_digit,Definition:Digit
132_is_sum_of_all_2_digit_numbers_formed_from_its_digits,132 is Sum of all 2-Digit Numbers formed from its Digits,depends_on,definition_digit,Definition:Digit
132_is_sum_of_all_2_digit_numbers_formed_from_its_digits,132 is Sum of all 2-Digit Numbers formed from its Digits,depends_on,definition_integer_addition,Definition:Integer Addition
132_is_sum_of_all_2_digit_numbers_formed_from_its_digits,132 is Sum of all 2-Digit Numbers formed from its Digits,depends_on,definition_digit,Definition:Digit
132_is_sum_of_all_2_digit_numbers_formed_from_its_digits,132 is Sum of all 2-Digit Numbers formed from its Digits,depends_on,definition_positive_integer,Definition:Positive Integer
132_is_sum_of_all_2_digit_numbers_formed_from_its_digits,132 is Sum of all 2-Digit Numbers formed from its Digits,depends_on,definition_digit,Definition:Digit
132_is_sum_of_all_2_digit_numbers_formed_from_its_digits,132 is Sum of all 2-Digit Numbers formed from its Digits,depends_on,definition_divisor_of_integer,Definition:Divisor of Integer
159_is_not_expressible_as_sum_of_fewer_than_19_fourth_powers,159 is not Expressible as Sum of Fewer than 19 Fourth Powers,depends_on,definition_integer_addition,Definition:Integer Addition
159_is_not_expressible_as_sum_of_fewer_than_19_fourth_powers,159 is not Expressible as Sum of Fewer than 19 Fourth Powers,depends_on,definition_fourth_power,Definition:Fourth Power
159_is_not_expressible_as_sum_of_fewer_than_19_fourth_powers,159 is not Expressible as Sum of Fewer than 19 Fourth Powers,depends_on,definition_integer_addition,Definition:Integer Addition
159_is_not_expressible_as_sum_of_fewer_than_19_fourth_powers,159 is not Expressible as Sum of Fewer than 19 Fourth Powers,depends_on,definition_fourth_power,Definition:Fourth Power
159_is_not_expressible_as_sum_of_fewer_than_19_fourth_powers,159 is not Expressible as Sum of Fewer than 19 Fourth Powers,depends_on,definition_integer_addition,Definition:Integer Addition
159_is_not_expressible_as_sum_of_fewer_than_19_fourth_powers,159 is not Expressible as Sum of Fewer than 19 Fourth Powers,depends_on,definition_integer_addition,Definition:Integer Addition
159_is_not_expressible_as_sum_of_fewer_than_19_fourth_powers,159 is not Expressible as Sum of Fewer than 19 Fourth Powers,depends_on,definition_fourth_power,Definition:Fourth Power
159_is_not_expressible_as_sum_of_fewer_than_19_fourth_powers,159 is not Expressible as Sum of Fewer than 19 Fourth Powers,depends_on,definition_integer_addition,Definition:Integer Addition
159_is_not_expressible_as_sum_of_fewer_than_19_fourth_powers,159 is not Expressible as Sum of Fewer than 19 Fourth Powers,depends_on,definition_fourth_power,Definition:Fourth Power
159_is_not_expressible_as_sum_of_fewer_than_19_fourth_powers,159 is not Expressible as Sum of Fewer than 19 Fourth Powers,depends_on,hilbert_waring_theorem,Hilbert-Waring Theorem
159_is_not_expressible_as_sum_of_fewer_than_19_fourth_powers,159 is not Expressible as Sum of Fewer than 19 Fourth Powers,depends_on,smallest_number_not_expressible_as_sum_of_fewer_than_19_fourth_powers,Smallest Number not Expressible as Sum of Fewer than 19 Fourth Powers
159_is_not_expressible_as_sum_of_fewer_than_19_fourth_powers,159 is not Expressible as Sum of Fewer than 19 Fourth Powers,depends_on,319_is_not_expressible_as_sum_of_fewer_than_19_fourth_powers,319 is not Expressible as Sum of Fewer than 19 Fourth Powers
169_as_sum_of_up_to_155_squares,169 as Sum of up to 155 Squares,depends_on,definition_integer_addition,Definition:Integer Addition
169_as_sum_of_up_to_155_squares,169 as Sum of up to 155 Squares,depends_on,definition_square_number,Definition:Square Number
169_as_sum_of_up_to_155_squares,169 as Sum of up to 155 Squares,depends_on,definition_square_number,Definition:Square Number
169_as_sum_of_up_to_155_squares,169 as Sum of up to 155 Squares,depends_on,25_as_sum_of_4_to_11_squares,25 as Sum of 4 to 11 Squares
169_as_sum_of_up_to_155_squares,169 as Sum of up to 155 Squares,depends_on,definition_integer_addition,Definition:Integer Addition
169_as_sum_of_up_to_155_squares,169 as Sum of up to 155 Squares,depends_on,definition_square_number,Definition:Square Number
169_as_sum_of_up_to_155_squares,169 as Sum of up to 155 Squares,depends_on,definition_integer_addition,Definition:Integer Addition
169_as_sum_of_up_to_155_squares,169 as Sum of up to 155 Squares,depends_on,definition_square_number,Definition:Square Number
169_as_sum_of_up_to_155_squares,169 as Sum of up to 155 Squares,depends_on,definition_integer_addition,Definition:Integer Addition
169_as_sum_of_up_to_155_squares,169 as Sum of up to 155 Squares,depends_on,definition_square_number,Definition:Square Number
169_as_sum_of_up_to_155_squares,169 as Sum of up to 155 Squares,depends_on,definition_integer_addition,Definition:Integer Addition
169_as_sum_of_up_to_155_squares,169 as Sum of up to 155 Squares,depends_on,definition_square_number,Definition:Square Number
169_as_sum_of_up_to_155_squares,169 as Sum of up to 155 Squares,depends_on,definition_integer_addition,Definition:Integer Addition
169_as_sum_of_up_to_155_squares,169 as Sum of up to 155 Squares,depends_on,definition_square_number,Definition:Square Number
17_consecutive_integers_each_with_common_factor_with_product_of_other_16,17 Consecutive Integers each with Common Factor with Product of other 16,depends_on,definition_integer,Definition:Integer
17_consecutive_integers_each_with_common_factor_with_product_of_other_16,17 Consecutive Integers each with Common Factor with Product of other 16,depends_on,definition_coprime_integers,Definition:Coprime Integers
17_consecutive_integers_each_with_common_factor_with_product_of_other_16,17 Consecutive Integers each with Common Factor with Product of other 16,depends_on,definition_integer_multiplication,Definition:Integer Multiplication
17_consecutive_integers_each_with_common_factor_with_product_of_other_16,17 Consecutive Integers each with Common Factor with Product of other 16,depends_on,definition_prime_decomposition,Definition:Prime Decomposition
17_consecutive_integers_each_with_common_factor_with_product_of_other_16,17 Consecutive Integers each with Common Factor with Product of other 16,depends_on,definition_integer,Definition:Integer
17_consecutive_integers_each_with_common_factor_with_product_of_other_16,17 Consecutive Integers each with Common Factor with Product of other 16,depends_on,definition_integer,Definition:Integer
17_consecutive_integers_each_with_common_factor_with_product_of_other_16,17 Consecutive Integers each with Common Factor with Product of other 16,depends_on,definition_integer_sequence,Definition:Integer Sequence
17_consecutive_integers_each_with_common_factor_with_product_of_other_16,17 Consecutive Integers each with Common Factor with Product of other 16,depends_on,definition_prime_factor,Definition:Prime Factor
17_consecutive_integers_each_with_common_factor_with_product_of_other_16,17 Consecutive Integers each with Common Factor with Product of other 16,depends_on,definition_integer_sequence,Definition:Integer Sequence
1782_is_3_times_sum_of_all_2_digit_numbers_from_its_digits,1782 is 3 Times Sum of all 2-Digit Numbers from its Digits,depends_on,definition_integer_multiplication,Definition:Integer Multiplication
1782_is_3_times_sum_of_all_2_digit_numbers_from_its_digits,1782 is 3 Times Sum of all 2-Digit Numbers from its Digits,depends_on,definition_integer_addition,Definition:Integer Addition
1782_is_3_times_sum_of_all_2_digit_numbers_from_its_digits,1782 is 3 Times Sum of all 2-Digit Numbers from its Digits,depends_on,definition_digit,Definition:Digit
1782_is_3_times_sum_of_all_2_digit_numbers_from_its_digits,1782 is 3 Times Sum of all 2-Digit Numbers from its Digits,depends_on,definition_integer,Definition:Integer
1782_is_3_times_sum_of_all_2_digit_numbers_from_its_digits,1782 is 3 Times Sum of all 2-Digit Numbers from its Digits,depends_on,definition_digit,Definition:Digit
1782_is_3_times_sum_of_all_2_digit_numbers_from_its_digits,1782 is 3 Times Sum of all 2-Digit Numbers from its Digits,depends_on,definition_digit,Definition:Digit
1782_is_3_times_sum_of_all_2_digit_numbers_from_its_digits,1782 is 3 Times Sum of all 2-Digit Numbers from its Digits,depends_on,definition_integer,Definition:Integer
1782_is_3_times_sum_of_all_2_digit_numbers_from_its_digits,1782 is 3 Times Sum of all 2-Digit Numbers from its Digits,depends_on,definition_digit,Definition:Digit
1782_is_3_times_sum_of_all_2_digit_numbers_from_its_digits,1782 is 3 Times Sum of all 2-Digit Numbers from its Digits,depends_on,definition_permutation_ordered_selection,Definition:Permutation (Ordered Selection)
